url_path,views_total,views_unique
/peff74/esp8266_OLED_HW-364A,179,88
/peff74/esp8266_OLED_HW-364A/blob/main/HW-364A_V1.ino,24,14
/peff74/esp8266_OLED_HW-364A/blob/main/front_3.jpg,12,4
/peff74/esp8266_OLED_HW-364A/blob/main/HW_364A_u8g2_1.ino,10,7
/peff74/esp8266_OLED_HW-364A/blob/main/README.md,8,6
/peff74/esp8266_OLED_HW-364A/blob/main/IDE_settings.png,6,6
/peff74/esp8266_OLED_HW-364A/blob/main/back.jpg,6,4
/peff74/esp8266_OLED_HW-364A/blob/main/front_1.jpg,6,3
/peff74/esp8266_OLED_HW-364A/blob/main/front_2.jpg,3,2
/peff74/esp8266_OLED_HW-364A/tree/main/.github,3,2
